analysis,model,term,odds_ratio,conf_low_or,conf_high_or,estimate_log_odds,std_error,z_value,p_value,odds_ratio_rounded,conf_low_or_rounded,conf_high_or_rounded,p_value_rounded,significant_0_05
A_heroin_lifetime_users,Model 0 - baseline,(Intercept),0.06175115209910956,0.04824952097742396,0.079030935609735245,-2.7846426461726406,0.12588329936109538,-22.12082667284492,1.9924390231400227e-108,0.062,0.048,0.079,0,TRUE
A_heroin_lifetime_users,Model 1 - add SES indexes,(Intercept),0.21041534998786687,0.09925221650435342,0.4460819220956594,-1.5586718445636603,0.38338417873495495,-4.065561207316323,4.7917016166171045e-5,0.21,0.099,0.446,0,TRUE
A_heroin_lifetime_users,Model 1 - add SES indexes,EDUHIGHCAT_f2,1.112935498740789,0.5814578753593819,2.1302066355053686,0.10700111800024376,0.33123969323468805,0.3230322940929424,0.7466707848978641,1.113,0.581,2.13,0.7467,FALSE
A_heroin_lifetime_users,Model 1 - add SES indexes,EDUHIGHCAT_f3,0.4290261495925985,0.19561718145873472,0.940936965054262,-0.8462374071504842,0.4007003621060623,-2.1118957884208043,0.03469538870961979,0.429,0.196,0.941,0.0347,TRUE
A_heroin_lifetime_users,Model 1 - add SES indexes,EDUHIGHCAT_f4,0.3656945707738072,0.0992308776650753,1.3476905801923262,-1.0059568000573038,0.6654965379828249,-1.5115883293795067,0.13063862247836264,0.366,0.099,1.348,0.1306,FALSE
A_heroin_lifetime_users,Model 1 - add SES indexes,ECONOMIC_STATUS_INDEX,0.3303116065707906,0.15005941252500105,0.7270837303671231,-1.1077188077211153,0.4025610563809816,-2.7516790066070778,0.00592906057013646,0.33,0.15,0.727,0.0059,TRUE
A_heroin_lifetime_users,Model 1 - add SES indexes,EMPLOYMENT_INDEX,0.3615068992500818,0.17099974099905932,0.7642540125609177,-1.0174741525029682,0.3819555310750871,-2.663855003327461,0.007725085245137169,0.362,0.171,0.764,0.0077,TRUE
A_heroin_lifetime_users,Model 1 - add SES indexes,ECONOMIC_ASSISTANCE_INDEX,0.7852167135451132,0.22467328982251855,2.744274976868173,-0.2417955310892098,0.6384364488486821,-0.3787307750446412,0.7048877976704684,0.785,0.225,2.744,0.7049,FALSE
A_heroin_lifetime_users,Model 1 - add SES indexes,IRINSUR4_fNo health insurance,1.2170929251082905,0.5810500148721427,2.5493763883210834,0.19646516697234317,0.37724346698330813,0.520791436213357,0.6025120694551335,1.217,0.581,2.549,0.6025,FALSE
A_heroin_lifetime_users,Model 2 - add demographics,(Intercept),0.3363452731765888,0.12712235152280552,0.8899154352721299,-1.089617047897248,0.49643167846632735,-2.1948983015417216,0.028170893695163565,0.336,0.127,0.89,0.0282,TRUE
A_heroin_lifetime_users,Model 2 - add demographics,EDUHIGHCAT_f2,1.1757490113674234,0.6080695457749642,2.2734007110480583,0.16190540098995443,0.33642017162053683,0.48125949228922776,0.6303320829726801,1.176,0.608,2.273,0.6303,FALSE
A_heroin_lifetime_users,Model 2 - add demographics,EDUHIGHCAT_f3,0.4662869855623789,0.2091346904069922,1.0396340869213385,-0.7629539855672636,0.4091007812574464,-1.864953626395394,0.06218790464839769,0.466,0.209,1.04,0.0622,FALSE
A_heroin_lifetime_users,Model 2 - add demographics,EDUHIGHCAT_f4,0.4257875935735501,0.11277110495141163,1.607637656111175,-0.8538146636932484,0.6778596348187528,-1.259574430806081,0.20782292422665563,0.426,0.113,1.608,0.2078,FALSE
A_heroin_lifetime_users,Model 2 - add demographics,ECONOMIC_STATUS_INDEX,0.35048168664876517,0.15909829149668686,0.7720850520806581,-1.0484468230914599,0.40295957751488254,-2.6018659974715144,0.009271807273084978,0.35,0.159,0.772,0.0093,TRUE
A_heroin_lifetime_users,Model 2 - add demographics,EMPLOYMENT_INDEX,0.33496378126390447,0.15447672264557336,0.7263277783025132,-1.0937328686321226,0.39489449497857776,-2.769683757408306,0.005611074311902897,0.335,0.154,0.726,0.0056,TRUE
A_heroin_lifetime_users,Model 2 - add demographics,ECONOMIC_ASSISTANCE_INDEX,0.9636228975762019,0.27555603431960174,3.3698013219923215,-0.037055245991364685,0.6387408358491303,-0.05801295910900095,0.9537383060362574,0.964,0.276,3.37,0.9537,FALSE
A_heroin_lifetime_users,Model 2 - add demographics,IRINSUR4_fNo health insurance,1.1729506177843523,0.5567627894015595,2.4710939343476896,0.15952246970957404,0.3801796753213958,0.41959757468548825,0.6747794604259902,1.173,0.557,2.471,0.6748,FALSE
A_heroin_lifetime_users,Model 2 - add demographics,CATAG3_f26-34,0.4739002566505728,0.19172625760293044,1.1713651330877806,-0.746758408437581,0.4617065745303758,-1.6173874266294461,0.10579467807783033,0.474,0.192,1.171,0.1058,FALSE
A_heroin_lifetime_users,Model 2 - add demographics,CATAG3_f35-49,0.681380229117996,0.31123663610394225,1.4917235401485307,-0.38363478926574407,0.3997864171240755,-0.9595993581409779,0.33725689222322935,0.681,0.311,1.492,0.3373,FALSE
A_heroin_lifetime_users,Model 2 - add demographics,CATAG3_f50+,0.367219143758293,0.1352774551502019,0.9968394171286464,-1.001796487176744,0.5095149232289083,-1.9661769292803808,0.04927817647525071,0.367,0.135,0.997,0.0493,TRUE
A_heroin_lifetime_users,Model 2 - add demographics,IRSEX_fFemale,0.9400964434831899,0.5565222754096845,1.5880430345742151,-0.061772809530849085,0.26749229882887304,-0.23093303919888905,0.8173668228104303,0.94,0.557,1.588,0.8174,FALSE
A_heroin_lifetime_users,Model 3 - add mental health,(Intercept),0.21600613927805953,0.0712267397408311,0.6550721312752315,-1.532448449118277,0.566050464469558,-2.707264714559194,0.006784013958633748,0.216,0.071,0.655,0.0068,TRUE
A_heroin_lifetime_users,Model 3 - add mental health,EDUHIGHCAT_f2,1.1432548752348595,0.5913591840493722,2.2102163033949784,0.13387934791156186,0.33633834237149235,0.3980496156566339,0.6905936130050705,1.143,0.591,2.21,0.6906,FALSE
A_heroin_lifetime_users,Model 3 - add mental health,EDUHIGHCAT_f3,0.458940315938152,0.2056472517177554,1.024211176342336,-0.7788351080121424,0.40957785275468295,-1.9015557183425795,0.057229261697758424,0.459,0.206,1.024,0.0572,FALSE
A_heroin_lifetime_users,Model 3 - add mental health,EDUHIGHCAT_f4,0.40648850351174914,0.10775932063332384,1.5333513845123863,-0.9001996320381186,0.6773876610877638,-1.3289282987419027,0.18387162652324063,0.406,0.108,1.533,0.1839,FALSE
A_heroin_lifetime_users,Model 3 - add mental health,ECONOMIC_STATUS_INDEX,0.37335491654296293,0.16892263221142736,0.8251937107653773,-0.9852257928635149,0.40464451379624716,-2.4347934032774528,0.01490029437927023,0.373,0.169,0.825,0.0149,TRUE
A_heroin_lifetime_users,Model 3 - add mental health,EMPLOYMENT_INDEX,0.3479745024710592,0.16042738508331242,0.7547729728755426,-1.0556260706532736,0.39505205382894454,-2.6721189281814346,0.007537392977124741,0.348,0.16,0.755,0.0075,TRUE
A_heroin_lifetime_users,Model 3 - add mental health,ECONOMIC_ASSISTANCE_INDEX,0.830976116993734,0.23508847665520222,2.937282664121186,-0.18515422461943543,0.6442154675442766,-0.28741039907848825,0.7737980996374101,0.831,0.235,2.937,0.7738,FALSE
A_heroin_lifetime_users,Model 3 - add mental health,IRINSUR4_fNo health insurance,1.1446757897541613,0.5417651968998607,2.4185434412308773,0.1351214438576741,0.3816621311502368,0.35403419105388045,0.7233132597684975,1.145,0.542,2.419,0.7233,FALSE
A_heroin_lifetime_users,Model 3 - add mental health,CATAG3_f26-34,0.5132019215827999,0.20683234808917986,1.2733801784366843,-0.6670859019319996,0.4636620018133156,-1.4387331705490685,0.15022613738479818,0.513,0.207,1.273,0.1502,FALSE
A_heroin_lifetime_users,Model 3 - add mental health,CATAG3_f35-49,0.7379096077644054,0.3354497322082732,1.623225589260403,-0.30393394458734124,0.4022263801327747,-0.7556290676086755,0.4498716230818548,0.738,0.335,1.623,0.4499,FALSE
A_heroin_lifetime_users,Model 3 - add mental health,CATAG3_f50+,0.4579388299915572,0.16449211727115104,1.2748815900299397,-0.7810196627581447,0.5223937656850957,-1.4950784524273044,0.13489396867185435,0.458,0.164,1.275,0.1349,FALSE
A_heroin_lifetime_users,Model 3 - add mental health,IRSEX_fFemale,0.8675356080323798,0.5092590784249253,1.477868658781429,-0.14209872128031206,0.27179054304377065,-0.5228243767754189,0.6010964742617031,0.868,0.509,1.478,0.6011,FALSE
A_heroin_lifetime_users,Model 3 - add mental health,MENTAL_HEALTH_INDEX,2.384171000605953,0.9231162746726539,6.157698131956442,0.868851475072836,0.48411683084183615,1.7947144567603248,0.07269920601398039,2.384,0.923,6.158,0.0727,FALSE
A_heroin_lifetime_users,Model 4 - add treatment and booked,(Intercept),0.20605997702185902,0.06545630783645279,0.6486878886652173,-1.5795880019771158,0.5851048396410953,-2.6996666152104276,0.006940899096457292,0.206,0.065,0.649,0.0069,TRUE
A_heroin_lifetime_users,Model 4 - add treatment and booked,EDUHIGHCAT_f2,1.1619381601689016,0.5996227873414224,2.2515826892481843,0.15008943857028179,0.3375286245184931,0.44467173349932704,0.656556999501835,1.162,0.6,2.252,0.6566,FALSE
A_heroin_lifetime_users,Model 4 - add treatment and booked,EDUHIGHCAT_f3,0.47284057192816475,0.21094210189032506,1.0599031888740673,-0.748997004541085,0.4118313313969637,-1.818698451136365,0.06895744816378657,0.473,0.211,1.06,0.069,FALSE
A_heroin_lifetime_users,Model 4 - add treatment and booked,EDUHIGHCAT_f4,0.41505927319548164,0.10955284006203936,1.5725215354344375,-0.8793339419731762,0.6796116444018703,-1.2938770976284295,0.1957078764780548,0.415,0.11,1.573,0.1957,FALSE
A_heroin_lifetime_users,Model 4 - add treatment and booked,ECONOMIC_STATUS_INDEX,0.37840560398123957,0.17078316060404436,0.8384362990938566,-0.9717886322384958,0.40591152074027925,-2.3940898018026213,0.016661668827066947,0.378,0.171,0.838,0.0167,TRUE
A_heroin_lifetime_users,Model 4 - add treatment and booked,EMPLOYMENT_INDEX,0.35119093812353086,0.16123020070450075,0.7649626092454698,-1.0464252201636048,0.3971995930286835,-2.6345072818038813,0.008425949644757453,0.351,0.161,0.765,0.0084,TRUE
A_heroin_lifetime_users,Model 4 - add treatment and booked,ECONOMIC_ASSISTANCE_INDEX,0.8198490665433129,0.22976469351978387,2.925395027474341,-0.19863502085699633,0.6490244487061811,-0.30605167687129775,0.759565299826991,0.82,0.23,2.925,0.7596,FALSE
A_heroin_lifetime_users,Model 4 - add treatment and booked,IRINSUR4_fNo health insurance,1.1565535891620398,0.5454591548265119,2.452275652113744,0.1454445389803104,0.38346209318097835,0.3792931337066127,0.7044701979195157,1.157,0.545,2.452,0.7045,FALSE
A_heroin_lifetime_users,Model 4 - add treatment and booked,CATAG3_f26-34,0.5306422025318999,0.21105607221351572,1.3341532615230476,-0.633667303065061,0.470398507283585,-1.3470861264511786,0.17795249580779351,0.531,0.211,1.334,0.178,FALSE
A_heroin_lifetime_users,Model 4 - add treatment and booked,CATAG3_f35-49,0.7605029869346602,0.33993490307385515,1.7013986734127236,-0.27377523969726086,0.41083709083675785,-0.6663839409914496,0.5051657244217551,0.761,0.34,1.701,0.5052,FALSE
A_heroin_lifetime_users,Model 4 - add treatment and booked,CATAG3_f50+,0.48142888691062247,0.17144607438662723,1.3518756494204058,-0.7309967493872941,0.5267901633098688,-1.3876431268085518,0.16524574218124946,0.481,0.171,1.352,0.1652,FALSE
A_heroin_lifetime_users,Model 4 - add treatment and booked,IRSEX_fFemale,0.8631199811355983,0.5048857224108976,1.4755341035950749,-0.14720156959511174,0.2735874751806245,-0.5380420631387756,0.5905480093779147,0.863,0.505,1.476,0.5905,FALSE
A_heroin_lifetime_users,Model 4 - add treatment and booked,MENTAL_HEALTH_INDEX,2.2081575447844477,0.8301813654508505,5.873366887656493,0.7921584776739805,0.49912629765697364,1.587090244278001,0.11249220709880632,2.208,0.83,5.873,0.1125,FALSE
A_heroin_lifetime_users,Model 4 - add treatment and booked,SUTRTPY2_fReceived substance use treatment,1.2552627395664986,0.7334724858683448,2.148253105198032,0.2273449049084611,0.27414284241680487,0.8292936007528786,0.40693829106791884,1.255,0.733,2.148,0.4069,FALSE
A_heroin_lifetime_users,Model 4 - add treatment and booked,BOOKED_clean_fEver booked/arrested,0.8919531859886594,0.5108263521283493,1.5574382227552426,-0.11434162985485401,0.2843847850172973,-0.4020666219815499,0.6876349964965235,0.892,0.511,1.557,0.6876,FALSE
B_heroin_or_cocaine_lifetime_users,Model 0 - baseline,(Intercept),0.048543690272449015,0.04281097966706611,0.05504405373559521,-3.025291056183086,0.06411833065536489,-47.18293544546539,0,0.049,0.043,0.055,0,TRUE
B_heroin_or_cocaine_lifetime_users,Model 0 - baseline,drug_profile_hcHeroin only lifetime,1.8727272359986817,0.8983478204576836,3.9039525900608156,0.6273957833848103,0.3747996121088649,1.673949927148206,0.094140440689174,1.873,0.898,3.904,0.0941,FALSE
B_heroin_or_cocaine_lifetime_users,Model 0 - baseline,drug_profile_hcHeroin + Cocaine lifetime,2.542127609717087,2.0193865546166787,3.2001861007302828,0.9330013720253886,0.11745501161415796,7.943478606858569,1.965886134484659e-15,2.542,2.019,3.2,0,TRUE
B_heroin_or_cocaine_lifetime_users,Model 1 - add SES indexes,(Intercept),0.06762766234758102,0.04507743391006056,0.10145876368480893,-2.6937381733101304,0.20696060965640006,-13.015704668546956,9.961905523723019e-39,0.068,0.045,0.101,0,TRUE
B_heroin_or_cocaine_lifetime_users,Model 1 - add SES indexes,drug_profile_hcHeroin only lifetime,1.4745990018030852,0.7007929905888001,3.1028310004809097,0.3883860896459395,0.37956250060594476,1.0232467354543942,0.3061912008702858,1.475,0.701,3.103,0.30620000000000003,FALSE
B_heroin_or_cocaine_lifetime_users,Model 1 - add SES indexes,drug_profile_hcHeroin + Cocaine lifetime,2.1253675958043083,1.6729153232393448,2.7001889184373913,0.7539447736768331,0.12213334967656556,6.173127779377502,6.695205779732434e-10,2.125,1.673,2.7,0,TRUE
B_heroin_or_cocaine_lifetime_users,Model 1 - add SES indexes,EDUHIGHCAT_f2,1.1506890447145133,0.8182720961228569,1.618147904468196,0.14036093226186075,0.1739426320046793,0.8069380728818961,0.41970216233088525,1.151,0.818,1.618,0.4197,FALSE
B_heroin_or_cocaine_lifetime_users,Model 1 - add SES indexes,EDUHIGHCAT_f3,0.9056612808592358,0.6351863457428183,1.2913098040361417,-0.09908990502932231,0.18099667292151925,-0.5474681022025638,0.5840571790072254,0.906,0.635,1.291,0.5841,FALSE
B_heroin_or_cocaine_lifetime_users,Model 1 - add SES indexes,EDUHIGHCAT_f4,0.6760906860356996,0.4496782596984108,1.016501478303151,-0.3914280609962218,0.20806243002685088,-1.8813010159773065,0.05993098290342481,0.676,0.45,1.017,0.0599,FALSE
B_heroin_or_cocaine_lifetime_users,Model 1 - add SES indexes,ECONOMIC_STATUS_INDEX,0.5307351077133321,0.38467779238228017,0.7322485470634034,-0.6334922377404631,0.16421575232737587,-3.8576825229138247,1.1446719484077296e-4,0.531,0.385,0.732,1e-4,TRUE
B_heroin_or_cocaine_lifetime_users,Model 1 - add SES indexes,EMPLOYMENT_INDEX,1.194616460913133,0.8837092488509453,1.6149072679054064,0.17782518065620156,0.1538050482019411,1.1561725881891913,0.24761056975753817,1.195,0.884,1.615,0.2476,FALSE
B_heroin_or_cocaine_lifetime_users,Model 1 - add SES indexes,ECONOMIC_ASSISTANCE_INDEX,0.9760883071276427,0.5310861283546282,1.793962094741661,-0.024202218047599436,0.3105306308458874,-0.07793826322921009,0.9378771623107736,0.976,0.531,1.794,0.9379,FALSE
B_heroin_or_cocaine_lifetime_users,Model 1 - add SES indexes,IRINSUR4_fNo health insurance,1.8799890955044345,1.4276431850298665,2.475659910176815,0.6312659765614376,0.140431669390454,4.495182456360862,6.951031843608345e-6,1.88,1.428,2.476,0,TRUE
B_heroin_or_cocaine_lifetime_users,Model 2 - add demographics,(Intercept),0.14684293731034603,0.09357044677626503,0.23044507086183777,-1.9183917170780458,0.22992716774453895,-8.343475614023475,7.213832306645036e-17,0.147,0.094,0.23,0,TRUE
B_heroin_or_cocaine_lifetime_users,Model 2 - add demographics,drug_profile_hcHeroin only lifetime,1.4682572873307498,0.6928271624505824,3.1115689144962158,0.38407617868469435,0.383196273166698,1.0022962267109878,0.3162005444086182,1.468,0.693,3.112,0.3162,FALSE
B_heroin_or_cocaine_lifetime_users,Model 2 - add demographics,drug_profile_hcHeroin + Cocaine lifetime,2.212314330129563,1.7258890549952486,2.8358339031879956,0.7940391757930778,0.12668440126355285,6.267852773295801,3.6606063119259803e-10,2.212,1.726,2.836,0,TRUE
B_heroin_or_cocaine_lifetime_users,Model 2 - add demographics,EDUHIGHCAT_f2,1.177952807202107,0.8349771134909586,1.6618094000133927,0.16377802262902794,0.1755792396407548,0.9327869454505394,0.3509299828064786,1.178,0.835,1.662,0.3509,FALSE
B_heroin_or_cocaine_lifetime_users,Model 2 - add demographics,EDUHIGHCAT_f3,1.0231605366067025,0.7140591508407504,1.4660654967263147,0.022896401936970963,0.18351657506632996,0.12476476268530688,0.9007097846651846,1.023,0.714,1.466,0.9007,FALSE
B_heroin_or_cocaine_lifetime_users,Model 2 - add demographics,EDUHIGHCAT_f4,0.8459233018085408,0.5577738295372864,1.2829326057414596,-0.16732658328654113,0.2124912203361926,-0.7874517498737391,0.43101746301414795,0.846,0.558,1.283,0.431,FALSE
B_heroin_or_cocaine_lifetime_users,Model 2 - add demographics,ECONOMIC_STATUS_INDEX,0.616246132747408,0.44524573988957106,0.8529206730205281,-0.48410882910552355,0.16582962657628747,-2.919314474140822,0.003508021372337941,0.616,0.445,0.853,0.0035,TRUE
B_heroin_or_cocaine_lifetime_users,Model 2 - add demographics,EMPLOYMENT_INDEX,0.8832257415832849,0.6406344554516497,1.2176799170837271,-0.12417445806962948,0.163840663143926,-0.7578976774559824,0.44851224079387864,0.883,0.641,1.218,0.4485,FALSE
B_heroin_or_cocaine_lifetime_users,Model 2 - add demographics,ECONOMIC_ASSISTANCE_INDEX,1.5366781208622418,0.8396015000950668,2.812500509907778,0.4296230222360349,0.30839899679936084,1.393075291083195,0.163597024106625,1.537,0.84,2.813,0.1636,FALSE
B_heroin_or_cocaine_lifetime_users,Model 2 - add demographics,IRINSUR4_fNo health insurance,1.6675363030854138,1.2621385477830869,2.203147449217802,0.5113472695364231,0.14211471707803117,3.5981302995921016,3.205130435259325e-4,1.668,1.262,2.203,3e-4,TRUE
B_heroin_or_cocaine_lifetime_users,Model 2 - add demographics,CATAG3_f26-34,0.6142821778689717,0.45375497188601627,0.8315999105839786,-0.487300883329856,0.15454215240581523,-3.153190736273966,0.0016149624833614181,0.614,0.454,0.832,0.0016,TRUE
B_heroin_or_cocaine_lifetime_users,Model 2 - add demographics,CATAG3_f35-49,0.4574918976498543,0.34211072502489653,0.6117868312957258,-0.7819961044783491,0.14828064941446248,-5.27375694378418,1.336589003337669e-7,0.457,0.342,0.612,0,TRUE
B_heroin_or_cocaine_lifetime_users,Model 2 - add demographics,CATAG3_f50+,0.22240295751540184,0.15081279689909685,0.32797664739744536,-1.5032644185133661,0.19819320736799118,-7.584843287399909,3.328891689856893e-14,0.222,0.151,0.328,0,TRUE
B_heroin_or_cocaine_lifetime_users,Model 2 - add demographics,IRSEX_fFemale,0.7512465322014442,0.6034944289873256,0.9351724308237952,-0.2860214091813847,0.11173524728301731,-2.5598136321022595,0.010472830924411291,0.751,0.603,0.935,0.0105,TRUE
B_heroin_or_cocaine_lifetime_users,Model 3 - add mental health,(Intercept),0.10628666053039715,0.06499635430819309,0.17380750546619292,-2.2416154904042305,0.250927369941907,-8.933323977066328,4.1339683196268633e-19,0.106,0.065,0.174,0,TRUE
B_heroin_or_cocaine_lifetime_users,Model 3 - add mental health,drug_profile_hcHeroin only lifetime,1.441813517066139,0.6790811663979327,3.0612337977526307,0.3659017080769646,0.3841480427406538,0.952501815358701,0.34084254571280637,1.442,0.679,3.061,0.3408,FALSE
B_heroin_or_cocaine_lifetime_users,Model 3 - add mental health,drug_profile_hcHeroin + Cocaine lifetime,2.0795643322564628,1.6178777804782227,2.6730003119982144,0.7321584161283979,0.12808558714889098,5.716165514214432,1.0895461845331009e-8,2.08,1.618,2.673,0,TRUE
B_heroin_or_cocaine_lifetime_users,Model 3 - add mental health,EDUHIGHCAT_f2,1.1786636645843716,0.8351239306609384,1.6635232008164027,0.16438130908852178,0.1757973396437653,0.9350614145903636,0.34975665016318574,1.179,0.835,1.664,0.3498,FALSE
B_heroin_or_cocaine_lifetime_users,Model 3 - add mental health,EDUHIGHCAT_f3,1.0076708740819504,0.7028826869398521,1.4446231346141734,0.007641602524348523,0.18378239670218574,0.0415796216692697,0.9668338187426279,1.008,0.703,1.445,0.9668,FALSE
B_heroin_or_cocaine_lifetime_users,Model 3 - add mental health,EDUHIGHCAT_f4,0.831200203367461,0.5477398804186581,1.2613537972623659,-0.18488459452984782,0.21279481881033233,-0.868839737562589,0.3849347946958319,0.831,0.548,1.261,0.3849,FALSE
B_heroin_or_cocaine_lifetime_users,Model 3 - add mental health,ECONOMIC_STATUS_INDEX,0.6476468996927015,0.46750533450639953,0.8972015412924159,-0.43440963902774987,0.1662963621540008,-2.612261828226041,0.00899453395067027,0.648,0.468,0.897,0.009,TRUE
B_heroin_or_cocaine_lifetime_users,Model 3 - add mental health,EMPLOYMENT_INDEX,0.9144849641060288,0.6628923816414732,1.261566391071168,-0.08939425294190019,0.16416034777530977,-0.5445544807462047,0.5860599686459316,0.914,0.663,1.262,0.5861,FALSE
B_heroin_or_cocaine_lifetime_users,Model 3 - add mental health,ECONOMIC_ASSISTANCE_INDEX,1.4107831064799143,0.7689918623409506,2.588205507754342,0.3441449448821474,0.3096076465346062,1.1115518261067263,0.2663308951554086,1.411,0.769,2.588,0.2663,FALSE
B_heroin_or_cocaine_lifetime_users,Model 3 - add mental health,IRINSUR4_fNo health insurance,1.6969565087511491,1.283846820634896,2.242994527313485,0.5288363576096826,0.14233703283837348,3.715381352723481,2.0289745483023365e-4,1.697,1.284,2.243,2e-4,TRUE
B_heroin_or_cocaine_lifetime_users,Model 3 - add mental health,CATAG3_f26-34,0.6370608850561077,0.4700100339778205,0.863484908680956,-0.4508900470417354,0.1551616208124192,-2.905937980545032,0.0036615401522615935,0.637,0.47,0.863,0.0037,TRUE
B_heroin_or_cocaine_lifetime_users,Model 3 - add mental health,CATAG3_f35-49,0.4883566863436775,0.364155525292511,0.6549186721937175,-0.7167092254783219,0.14972979715313464,-4.786684007494612,1.6955948075659123e-6,0.488,0.364,0.655,0,TRUE
B_heroin_or_cocaine_lifetime_users,Model 3 - add mental health,CATAG3_f50+,0.26435647349674307,0.17716123292938069,0.3944674798435798,-1.330456808245139,0.2042069320923872,-6.515238217492119,7.25743891038603e-11,0.264,0.177,0.394,0,TRUE
B_heroin_or_cocaine_lifetime_users,Model 3 - add mental health,IRSEX_fFemale,0.7009917531249809,0.5610143262989995,0.8758946339051992,-0.3552591564604278,0.1136498843893226,-3.1259086480320644,0.0017725660517787132,0.701,0.561,0.876,0.0018,TRUE
B_heroin_or_cocaine_lifetime_users,Model 3 - add mental health,MENTAL_HEALTH_INDEX,2.069542787949594,1.3698251470505927,3.1266817961226914,0.7273277074940473,0.21053683075014015,3.4546340652254885,5.510401762543751e-4,2.07,1.37,3.127,6e-4,TRUE
B_heroin_or_cocaine_lifetime_users,Model 4 - add treatment and booked,(Intercept),0.10669389290057124,0.06487515349878219,0.1754691306047123,-2.2377913584833227,0.2538307932543206,-8.816075188486737,1.185418937366381e-18,0.107,0.065,0.175,0,TRUE
B_heroin_or_cocaine_lifetime_users,Model 4 - add treatment and booked,drug_profile_hcHeroin only lifetime,1.4017712232598964,0.6583962097772258,2.9844682171308503,0.3377365964527005,0.38556064742349977,0.8759623128283905,0.3810505221374968,1.402,0.658,2.984,0.3811,FALSE
B_heroin_or_cocaine_lifetime_users,Model 4 - add treatment and booked,drug_profile_hcHeroin + Cocaine lifetime,2.0421133147409813,1.5676467332381225,2.6601827451446285,0.7139852102405466,0.13490534186396466,5.292490277816517,1.2066188633361984e-7,2.042,1.568,2.66,0,TRUE
B_heroin_or_cocaine_lifetime_users,Model 4 - add treatment and booked,EDUHIGHCAT_f2,1.192538212039433,0.8441817699016978,1.6846459351281802,0.1760839869059104,0.17626417119049173,0.9989777600100783,0.317805465018118,1.193,0.844,1.685,0.3178,FALSE
B_heroin_or_cocaine_lifetime_users,Model 4 - add treatment and booked,EDUHIGHCAT_f3,1.0226028279764934,0.712136391670225,1.4684217181106658,0.02235116913665749,0.18461410340796405,0.12106967303178033,0.9036358498595413,1.023,0.712,1.468,0.9036,FALSE
B_heroin_or_cocaine_lifetime_users,Model 4 - add treatment and booked,EDUHIGHCAT_f4,0.8326356864639478,0.5469492869691296,1.26754381601821,-0.18315908366495356,0.21441215844583117,-0.8542383276796621,0.3929729506395202,0.833,0.547,1.268,0.393,FALSE
B_heroin_or_cocaine_lifetime_users,Model 4 - add treatment and booked,ECONOMIC_STATUS_INDEX,0.6497632591310387,0.46846409756478785,0.901226572348377,-0.43114719915695254,0.16691562518302827,-2.5830247988118904,0.009793828295508908,0.65,0.468,0.901,0.0098,TRUE
B_heroin_or_cocaine_lifetime_users,Model 4 - add treatment and booked,EMPLOYMENT_INDEX,0.9237678180961413,0.6693962976107527,1.2748008687767174,-0.07929451803307003,0.16433184774559614,-0.4825267841923539,0.6294317761308114,0.924,0.669,1.275,0.6294,FALSE
B_heroin_or_cocaine_lifetime_users,Model 4 - add treatment and booked,ECONOMIC_ASSISTANCE_INDEX,1.4243082340328495,0.7748180413657576,2.6182327168813764,0.353686246050202,0.3106247427922818,1.138628696705967,0.25485805405396483,1.424,0.775,2.618,0.2549,FALSE
B_heroin_or_cocaine_lifetime_users,Model 4 - add treatment and booked,IRINSUR4_fNo health insurance,1.7139618042380655,1.2958632511674766,2.266956072517981,0.5388075353520589,0.1426712231803013,3.776567715208686,1.5900434531668705e-4,1.714,1.296,2.267,2e-4,TRUE
B_heroin_or_cocaine_lifetime_users,Model 4 - add treatment and booked,CATAG3_f26-34,0.6516983488733665,0.4790424766718824,0.8865826280686496,-0.42817347921557625,0.15703988996902782,-2.7265268671547256,0.006400474167120328,0.652,0.479,0.887,0.0064,TRUE
B_heroin_or_cocaine_lifetime_users,Model 4 - add treatment and booked,CATAG3_f35-49,0.501990041059856,0.3713862953285909,0.6785226178050527,-0.6891749980133773,0.15374646429149136,-4.482542094150244,7.3759087400324625e-6,0.502,0.371,0.679,0,TRUE
B_heroin_or_cocaine_lifetime_users,Model 4 - add treatment and booked,CATAG3_f50+,0.27259058888232174,0.18213437203023317,0.4079714790730257,-1.2997842838581295,0.20573147046810902,-6.317868048581379,2.651962925574052e-10,0.273,0.182,0.408,0,TRUE
B_heroin_or_cocaine_lifetime_users,Model 4 - add treatment and booked,IRSEX_fFemale,0.6942587881325584,0.5546292791730505,0.8690404257379652,-0.36491049442009416,0.11456580897867015,-3.1851605437363353,0.0014467372369986078,0.694,0.555,0.869,0.0014,TRUE
B_heroin_or_cocaine_lifetime_users,Model 4 - add treatment and booked,MENTAL_HEALTH_INDEX,1.969422823893239,1.2871772273367614,3.0132806709894213,0.6777405170267429,0.21698811583762706,3.123399244288099,0.001787750629008113,1.969,1.287,3.013,0.0018,TRUE
B_heroin_or_cocaine_lifetime_users,Model 4 - add treatment and booked,SUTRTPY2_fReceived substance use treatment,1.1929770441791336,0.9002486196073256,1.5808902084839158,0.17645190083436385,0.14364356327622504,1.2284010282803186,0.21929646206854533,1.193,0.9,1.581,0.2193,FALSE
B_heroin_or_cocaine_lifetime_users,Model 4 - add treatment and booked,BOOKED_clean_fEver booked/arrested,0.8863977139177384,0.7005939869237057,1.1214782340462126,-0.12058954205636677,0.1200211895764841,-1.0047354344835957,0.3150242608505727,0.886,0.701,1.121,0.315,FALSE
C_heroin_cocaine_meth_lifetime_users,Model 0 - baseline,(Intercept),0.04735792753963922,0.04094508944551392,0.054775147184235665,-3.050021049084327,0.07423725323392845,-41.08477773919556,0,0.047,0.041,0.055,0,TRUE
C_heroin_cocaine_meth_lifetime_users,Model 0 - baseline,drug_profile_hcmMeth only lifetime,2.1774074870334927,1.540535618290776,3.077568157657895,0.7781349429790514,0.17653629641547294,4.407790118966435,1.0443066655237732e-5,2.177,1.541,3.078,0,TRUE
C_heroin_cocaine_meth_lifetime_users,Model 0 - baseline,drug_profile_hcmHeroin only lifetime,1.2669473340204533,0.3916216355313221,4.098740727140324,0.23661033300895257,0.5990260346941492,0.3949917354255915,0.6928489872848176,1.267,0.392,4.099,0.6928,FALSE
C_heroin_cocaine_meth_lifetime_users,Model 0 - baseline,drug_profile_hcmCocaine + Meth lifetime,3.419104606077128,2.7610570888917194,4.23398572754259,1.2293787057074486,0.10906582864272815,11.271896257576511,1.8063708055206924e-29,3.419,2.761,4.234,0,TRUE
C_heroin_cocaine_meth_lifetime_users,Model 0 - baseline,drug_profile_hcmHeroin + Cocaine lifetime,2.4671368457732963,1.6806635113851869,3.621643579776154,0.9030583065289721,0.19585545798788623,4.610840646497719,4.010438814682992e-6,2.467,1.681,3.622,0,TRUE
C_heroin_cocaine_meth_lifetime_users,Model 0 - baseline,drug_profile_hcmHeroin + Meth lifetime,5.589473528616346,2.642952338106973,11.820952605403493,1.7208851018043974,0.38214401157765954,4.503237129635559,6.692613619526675e-6,5.589,2.643,11.821,0,TRUE
C_heroin_cocaine_meth_lifetime_users,Model 0 - baseline,drug_profile_hcmAll three lifetime,5.9168585319462075,4.711343704056936,7.4308344044010655,1.7778056546621113,0.11624320734058703,15.29384551007119,8.403785842378616e-53,5.917,4.711,7.431,0,TRUE
C_heroin_cocaine_meth_lifetime_users,Model 1 - add SES indexes,(Intercept),0.1042480190883733,0.0747831859893163,0.14532209801013854,-2.260982420034134,0.16948259666762425,-13.340499051169203,1.345557356527381e-40,0.104,0.075,0.145,0,TRUE
C_heroin_cocaine_meth_lifetime_users,Model 1 - add SES indexes,drug_profile_hcmMeth only lifetime,1.559153205627744,1.0919215330192522,2.2263126471162,0.44414285697772166,0.18173999178350012,2.443836673585922,0.014532003619314764,1.559,1.092,2.226,0.0145,TRUE
C_heroin_cocaine_meth_lifetime_users,Model 1 - add SES indexes,drug_profile_hcmHeroin only lifetime,0.884185279339529,0.27096417309443716,2.885191792230965,-0.12308864629278927,0.6034192630484865,-0.20398527828054894,0.8383650032698862,0.884,0.271,2.885,0.8384,FALSE
C_heroin_cocaine_meth_lifetime_users,Model 1 - add SES indexes,drug_profile_hcmCocaine + Meth lifetime,2.7422143675180104,2.1988435353353055,3.4198611754680868,1.0087657573395759,0.11267258107015135,8.95307223601726,3.457234767693488e-19,2.742,2.199,3.42,0,TRUE
C_heroin_cocaine_meth_lifetime_users,Model 1 - add SES indexes,drug_profile_hcmHeroin + Cocaine lifetime,2.005265807762315,1.3540413222565888,2.9696958975219956,0.6957766244216143,0.20035211608036346,3.4727690330085186,5.151184463537617e-4,2.005,1.354,2.97,5e-4,TRUE
C_heroin_cocaine_meth_lifetime_users,Model 1 - add SES indexes,drug_profile_hcmHeroin + Meth lifetime,3.560956762712821,1.656011902231449,7.6571992319762465,1.2700292623271845,0.39062810597092773,3.2512490599478414,0.0011489915551346514,3.561,1.656,7.657,0.0011,TRUE
C_heroin_cocaine_meth_lifetime_users,Model 1 - add SES indexes,drug_profile_hcmAll three lifetime,4.270203712419666,3.3639563911394035,5.420593380340004,1.4516615339291707,0.12170823401809566,11.927389676144152,8.520348602279723e-33,4.27,3.364,5.421,0,TRUE
C_heroin_cocaine_meth_lifetime_users,Model 1 - add SES indexes,EDUHIGHCAT_f2,1.1433745669513544,0.8807759421765677,1.4842655637489288,0.1339840362483741,0.1331330809435596,1.0063917645320268,0.3142271536363354,1.143,0.881,1.484,0.3142,FALSE
C_heroin_cocaine_meth_lifetime_users,Model 1 - add SES indexes,EDUHIGHCAT_f3,0.911830539894691,0.6940036371000942,1.1980267667743192,-0.09230111769188386,0.1392765184320505,-0.6627184447959564,0.5075108944465972,0.912,0.694,1.198,0.5075,FALSE
C_heroin_cocaine_meth_lifetime_users,Model 1 - add SES indexes,EDUHIGHCAT_f4,0.6578613846613452,0.47192744714037305,0.9170511358281164,-0.4187610314579912,0.1694770873646184,-2.470900568152056,0.013477328603796423,0.658,0.472,0.917,0.0135,TRUE
C_heroin_cocaine_meth_lifetime_users,Model 1 - add SES indexes,ECONOMIC_STATUS_INDEX,0.3954758915018488,0.3057559563588263,0.5115229237779237,-0.927665450644143,0.13127923515388548,-7.066353255004372,1.5905820377864412e-12,0.395,0.306,0.512,0,TRUE
C_heroin_cocaine_meth_lifetime_users,Model 1 - add SES indexes,EMPLOYMENT_INDEX,0.9367144217148016,0.7371185427310181,1.1903565803644145,-0.06537682258494247,0.12226231404163446,-0.5347258727875823,0.5928394279278713,0.937,0.737,1.19,0.5928,FALSE
C_heroin_cocaine_meth_lifetime_users,Model 1 - add SES indexes,ECONOMIC_ASSISTANCE_INDEX,0.7742301152381753,0.4790478015983853,1.2512994931646895,-0.255886143069962,0.24493753594375905,-1.0446995887503208,0.29616183497144977,0.774,0.479,1.251,0.2962,FALSE
C_heroin_cocaine_meth_lifetime_users,Model 1 - add SES indexes,IRINSUR4_fNo health insurance,1.7008422496976106,1.3537396944115896,2.1369428482436783,0.5311235693703955,0.11645758008297814,4.560661220952388,5.099279370181054e-6,1.701,1.354,2.137,0,TRUE
C_heroin_cocaine_meth_lifetime_users,Model 2 - add demographics,(Intercept),0.19390452414437787,0.13340805043465995,0.28183429981290886,-1.6403893846468924,0.1907960643860724,-8.597605982729256,8.139620029387362e-18,0.194,0.133,0.282,0,TRUE
C_heroin_cocaine_meth_lifetime_users,Model 2 - add demographics,drug_profile_hcmMeth only lifetime,1.5831234565128627,1.1020585578380218,2.2741803153164217,0.4593997668110613,0.18480947740121575,2.4858019906290756,0.01292598641607821,1.583,1.102,2.274,0.0129,TRUE
C_heroin_cocaine_meth_lifetime_users,Model 2 - add demographics,drug_profile_hcmHeroin only lifetime,0.9213584625908914,0.28091888636235207,3.021873778514375,-0.08190610825306371,0.6060229744358105,-0.13515347059130206,0.8924905345468901,0.921,0.281,3.022,0.8925,FALSE
C_heroin_cocaine_meth_lifetime_users,Model 2 - add demographics,drug_profile_hcmCocaine + Meth lifetime,3.01048508383464,2.3928112913050463,3.787603507607933,1.1021012231964686,0.11716147736298946,9.406685951747953,5.120264710970111e-21,3.01,2.393,3.788,0,TRUE
C_heroin_cocaine_meth_lifetime_users,Model 2 - add demographics,drug_profile_hcmHeroin + Cocaine lifetime,2.152516345577703,1.445243546828439,3.205914067664888,0.7666375510552385,0.20324847921550304,3.7719226929239538,1.6199445052417008e-4,2.153,1.445,3.206,2e-4,TRUE
C_heroin_cocaine_meth_lifetime_users,Model 2 - add demographics,drug_profile_hcmHeroin + Meth lifetime,3.518719665783345,1.6225930659790413,7.630618142016875,1.2580971921321775,0.39494177988451085,3.185525705839659,0.001444912666418929,3.519,1.623,7.631,0.0014,TRUE
C_heroin_cocaine_meth_lifetime_users,Model 2 - add demographics,drug_profile_hcmAll three lifetime,4.350296060696696,3.390962226399809,5.581034099517522,1.4702439027148957,0.1271095698530782,11.566744379784328,6.074410764240385e-31,4.35,3.391,5.581,0,TRUE
C_heroin_cocaine_meth_lifetime_users,Model 2 - add demographics,EDUHIGHCAT_f2,1.1849030716963778,0.9105444391158493,1.5419294534144972,0.1696609752048042,0.13437672881327184,1.2625770600545194,0.20674121633607342,1.185,0.911,1.542,0.2067,FALSE
C_heroin_cocaine_meth_lifetime_users,Model 2 - add demographics,EDUHIGHCAT_f3,1.0267796897031363,0.7778189623868259,1.3554266251772793,0.026427389631387806,0.14168059712543304,0.18652793796451209,0.8520307719621653,1.027,0.778,1.355,0.852,FALSE
C_heroin_cocaine_meth_lifetime_users,Model 2 - add demographics,EDUHIGHCAT_f4,0.8099654054664266,0.5766454314939944,1.1376903764808985,-0.21076374152842872,0.173352146257218,-1.2158127030956962,0.22405627859314853,0.81,0.577,1.138,0.2241,FALSE
C_heroin_cocaine_meth_lifetime_users,Model 2 - add demographics,ECONOMIC_STATUS_INDEX,0.4325281699235566,0.33297467330730746,0.5618463888536095,-0.8381078219600208,0.13346215957620475,-6.279741198713892,3.3913708202099393e-10,0.433,0.333,0.562,0,TRUE
C_heroin_cocaine_meth_lifetime_users,Model 2 - add demographics,EMPLOYMENT_INDEX,0.7380945815227862,0.5730066029351031,0.9507457828282608,-0.3036833033483912,0.12917315702505744,-2.350978410239534,0.018724120236406152,0.738,0.573,0.951,0.0187,TRUE
C_heroin_cocaine_meth_lifetime_users,Model 2 - add demographics,ECONOMIC_ASSISTANCE_INDEX,1.0291172996682527,0.6361634509174116,1.6647960755198574,0.02870144420180612,0.24541328226359566,0.11695147034046112,0.9068985105357146,1.029,0.636,1.665,0.9069,FALSE
C_heroin_cocaine_meth_lifetime_users,Model 2 - add demographics,IRINSUR4_fNo health insurance,1.5367468887156024,1.2206591903563961,1.9346849789314,0.4296677722157206,0.11749029127216708,3.657049170304568,2.5513545302512883e-4,1.537,1.221,1.935,3e-4,TRUE
C_heroin_cocaine_meth_lifetime_users,Model 2 - add demographics,CATAG3_f26-34,0.6680009392116045,0.5077894447489963,0.8787603984327753,-0.4034656994410837,0.13991211006235846,-2.8837082026799545,0.0039302274502315505,0.668,0.508,0.879,0.0039,TRUE
C_heroin_cocaine_meth_lifetime_users,Model 2 - add demographics,CATAG3_f35-49,0.6166170803483251,0.4777343423348013,0.7958745898799818,-0.4835070630569127,0.1302031104232989,-3.7134831993260327,2.0442604185944683e-4,0.617,0.478,0.796,2e-4,TRUE
C_heroin_cocaine_meth_lifetime_users,Model 2 - add demographics,CATAG3_f50+,0.31018826713603176,0.22534701874351643,0.42697152864651544,-1.170575852501024,0.16303254008854856,-7.180013584191499,6.970449279525002e-13,0.31,0.225,0.427,0,TRUE
C_heroin_cocaine_meth_lifetime_users,Model 2 - add demographics,IRSEX_fFemale,0.7169217332151337,0.5999455763263243,0.8567056610425402,-0.33278860303652963,0.09088316539046229,-3.661718884974643,2.5052868088510743e-4,0.717,0.6,0.857,3e-4,TRUE
C_heroin_cocaine_meth_lifetime_users,Model 3 - add mental health,(Intercept),0.11428562903401364,0.0760489655514445,0.17174730660688253,-2.169054446322182,0.2078218882981816,-10.437083716658544,1.6788923334644208e-25,0.114,0.076,0.172,0,TRUE
C_heroin_cocaine_meth_lifetime_users,Model 3 - add mental health,drug_profile_hcmMeth only lifetime,1.590601986761621,1.1059235135606098,2.2876940848688805,0.46411255260438344,0.185427799018234,2.502928660436427,0.012317036854416551,1.591,1.106,2.288,0.0123,TRUE
C_heroin_cocaine_meth_lifetime_users,Model 3 - add mental health,drug_profile_hcmHeroin only lifetime,0.9424349365139225,0.2856133459699845,3.109741271177648,-0.05928839491932473,0.6091070726396803,-0.09733657280055424,0.9224591129860895,0.942,0.286,3.11,0.9225,FALSE
C_heroin_cocaine_meth_lifetime_users,Model 3 - add mental health,drug_profile_hcmCocaine + Meth lifetime,2.804893294829165,2.2251523167047167,3.535679933600535,1.031365497191959,0.1181348885985887,8.730405635683482,2.5376085004845516e-18,2.805,2.225,3.536,0,TRUE
C_heroin_cocaine_meth_lifetime_users,Model 3 - add mental health,drug_profile_hcmHeroin + Cocaine lifetime,1.9510469416693754,1.306355167228396,2.9138968207808236,0.6683661216638696,0.20465946340895652,3.2657474544840412,0.0010917556944565344,1.951,1.306,2.914,0.0011,TRUE
C_heroin_cocaine_meth_lifetime_users,Model 3 - add mental health,drug_profile_hcmHeroin + Meth lifetime,3.0257860146888484,1.386339003400451,6.603998721979292,1.1071708972969128,0.3982238660481799,2.780272584574224,0.005431328677560609,3.026,1.386,6.604,0.0054,TRUE
C_heroin_cocaine_meth_lifetime_users,Model 3 - add mental health,drug_profile_hcmAll three lifetime,3.8167931095992693,2.9634458960725665,4.915868267003358,1.3394105699360277,0.12911350750293701,10.373899647219787,3.259456462195512e-25,3.817,2.963,4.916,0,TRUE
C_heroin_cocaine_meth_lifetime_users,Model 3 - add mental health,EDUHIGHCAT_f2,1.1730430443024848,0.8998885466430295,1.5291115648928122,0.15960126490810667,0.13525025326416068,1.1800441112401128,0.2379826711693802,1.173,0.9,1.529,0.238,FALSE
C_heroin_cocaine_meth_lifetime_users,Model 3 - add mental health,EDUHIGHCAT_f3,0.9765533902797732,0.7385348496399357,1.291281683636004,-0.023725855014337622,0.1425338095752707,-0.16645773437921219,0.8677967421592021,0.977,0.739,1.291,0.8678,FALSE
C_heroin_cocaine_meth_lifetime_users,Model 3 - add mental health,EDUHIGHCAT_f4,0.7636979182338106,0.542839442873745,1.0744143926370995,-0.2695829629867468,0.17416581518484925,-1.547852330841316,0.12165785380496921,0.764,0.543,1.074,0.1217,FALSE
C_heroin_cocaine_meth_lifetime_users,Model 3 - add mental health,ECONOMIC_STATUS_INDEX,0.46732093836709787,0.35924811921085176,0.6079053661186378,-0.7607390231597327,0.1341876525654186,-5.669217760470625,1.4345094844108992e-8,0.467,0.359,0.608,0,TRUE
C_heroin_cocaine_meth_lifetime_users,Model 3 - add mental health,EMPLOYMENT_INDEX,0.7816202375708359,0.6057959302714039,1.0084752393542589,-0.24638628609793478,0.1300155585840161,-1.8950523212859935,0.058085470353470225,0.782,0.606,1.008,0.0581,FALSE
C_heroin_cocaine_meth_lifetime_users,Model 3 - add mental health,ECONOMIC_ASSISTANCE_INDEX,0.8913468260563052,0.5482979207219042,1.449028227709836,-0.11502167241822145,0.2479202782403122,-0.4639462057505821,0.6426862872900858,0.891,0.548,1.449,0.6427,FALSE
C_heroin_cocaine_meth_lifetime_users,Model 3 - add mental health,IRINSUR4_fNo health insurance,1.5864801307572864,1.2584339696361335,2.0000407379462306,0.4615178080151849,0.11819081530969683,3.9048534084976416,9.428251842008724e-5,1.586,1.258,2,1e-4,TRUE
C_heroin_cocaine_meth_lifetime_users,Model 3 - add mental health,CATAG3_f26-34,0.7203815546299429,0.5463737769255916,0.9498069017351961,-0.3279742703530206,0.14106264000488497,-2.325025749848882,0.020070583355105115,0.72,0.546,0.95,0.0201,TRUE
C_heroin_cocaine_meth_lifetime_users,Model 3 - add mental health,CATAG3_f35-49,0.7052516037510185,0.5442230311998332,0.9139264530882206,-0.3492006550848666,0.13224502046109513,-2.640558063111323,0.008276960847140214,0.705,0.544,0.914,0.0083,TRUE
C_heroin_cocaine_meth_lifetime_users,Model 3 - add mental health,CATAG3_f50+,0.41523019801927197,0.29855961511846146,0.5774930989200033,-0.8789222185149591,0.16830076192073856,-5.222330597225035,1.7668516752832674e-7,0.415,0.299,0.577,0,TRUE
C_heroin_cocaine_meth_lifetime_users,Model 3 - add mental health,IRSEX_fFemale,0.642767308150687,0.5359981245832353,0.7708045858341842,-0.441972504920694,0.09268135197456971,-4.768731740576726,1.853893295208925e-6,0.643,0.536,0.771,0,TRUE
C_heroin_cocaine_meth_lifetime_users,Model 3 - add mental health,MENTAL_HEALTH_INDEX,3.380812806242543,2.4197801609796534,4.72352630010247,1.2181161558050837,0.17063551420910378,7.138702405833021,9.421606069063216e-13,3.381,2.42,4.724,0,TRUE
C_heroin_cocaine_meth_lifetime_users,Model 4 - add treatment and booked,(Intercept),0.11476066918894466,0.07614893536248861,0.17295069366369648,-2.1649064566822043,0.2092679901704318,-10.345139048351655,4.402766979195094e-25,0.115,0.076,0.173,0,TRUE
C_heroin_cocaine_meth_lifetime_users,Model 4 - add treatment and booked,drug_profile_hcmMeth only lifetime,1.595136043682917,1.107662205101885,2.2971434667867396,0.46695902644458365,0.18607859966810136,2.50947195044177,0.012091181795843705,1.595,1.108,2.297,0.0121,TRUE
C_heroin_cocaine_meth_lifetime_users,Model 4 - add treatment and booked,drug_profile_hcmHeroin only lifetime,0.9308358919038565,0.2817070032785529,3.075732756276897,-0.07167228802255055,0.6098150093804044,-0.11753119703526542,0.9064391236951513,0.931,0.282,3.076,0.9064,FALSE
C_heroin_cocaine_meth_lifetime_users,Model 4 - add treatment and booked,drug_profile_hcmCocaine + Meth lifetime,2.815753092816175,2.2237365358490626,3.565379869372262,1.0352297543437783,0.12043121757918634,8.596024977187419,8.252484844885294e-18,2.816,2.224,3.565,0,TRUE
C_heroin_cocaine_meth_lifetime_users,Model 4 - add treatment and booked,drug_profile_hcmHeroin + Cocaine lifetime,1.9403225558646162,1.2923645764456422,2.9131498103664946,0.6628542251641883,0.20734089141587952,3.196929561929252,0.0013889884030123085,1.94,1.292,2.913,0.0014,TRUE
C_heroin_cocaine_meth_lifetime_users,Model 4 - add treatment and booked,drug_profile_hcmHeroin + Meth lifetime,3.019451676875783,1.3788303006189429,6.612190365192447,1.105075250953633,0.39992557293780656,2.7632022699520795,0.0057237284193058045,3.019,1.379,6.612,0.0057,TRUE
C_heroin_cocaine_meth_lifetime_users,Model 4 - add treatment and booked,drug_profile_hcmAll three lifetime,3.8108132215804367,2.9181889623058086,4.976476025835374,1.3378426103470498,0.13616546374085456,9.825124327363845,8.776566780826661e-23,3.811,2.918,4.976,0,TRUE
C_heroin_cocaine_meth_lifetime_users,Model 4 - add treatment and booked,EDUHIGHCAT_f2,1.1757566355804532,0.9017841741541694,1.5329650993355426,0.16191188552724622,0.1353555218074274,1.196197121219783,0.23161964401537918,1.176,0.902,1.533,0.2316,FALSE
C_heroin_cocaine_meth_lifetime_users,Model 4 - add treatment and booked,EDUHIGHCAT_f3,0.9804604434329496,0.7410452491441814,1.2972253479081417,-0.019732977420180035,0.14283967224227012,-0.13814773662257476,0.8901236590635581,0.98,0.741,1.297,0.8901,FALSE
C_heroin_cocaine_meth_lifetime_users,Model 4 - add treatment and booked,EDUHIGHCAT_f4,0.7624895947576394,0.5413339848764631,1.0739957186437266,-0.27116641681317016,0.17477485771609183,-1.5515184526921997,0.12077748871935227,0.762,0.541,1.074,0.1208,FALSE
C_heroin_cocaine_meth_lifetime_users,Model 4 - add treatment and booked,ECONOMIC_STATUS_INDEX,0.46787879976608987,0.35931841087252336,0.6092383931538105,-0.7595459914630521,0.13469653312359023,-5.638942397768575,1.7109775435604286e-8,0.468,0.359,0.609,0,TRUE
C_heroin_cocaine_meth_lifetime_users,Model 4 - add treatment and booked,EMPLOYMENT_INDEX,0.7839375301141779,0.6074715555499915,1.0116655594929216,-0.24342594278324084,0.13011666858774534,-1.870828276079666,0.06136888699972795,0.784,0.607,1.012,0.0614,FALSE
C_heroin_cocaine_meth_lifetime_users,Model 4 - add treatment and booked,ECONOMIC_ASSISTANCE_INDEX,0.8929527568158373,0.5489555980807256,1.4525120587034237,-0.11322160340673669,0.24822706896000113,-0.4561210986420704,0.6483028989786679,0.893,0.549,1.453,0.6483,FALSE
C_heroin_cocaine_meth_lifetime_users,Model 4 - add treatment and booked,IRINSUR4_fNo health insurance,1.5912756889918123,1.261862334275631,2.0066834943844696,0.46453601466604116,0.11834265511349712,3.92534724035493,8.660471627257208e-5,1.591,1.262,2.007,1e-4,TRUE
C_heroin_cocaine_meth_lifetime_users,Model 4 - add treatment and booked,CATAG3_f26-34,0.7261887609526637,0.5496702122010741,0.9593936597405713,-0.3199452966396155,0.14209010998827096,-2.2517070094887384,0.02434079341525793,0.726,0.55,0.959,0.0243,TRUE
C_heroin_cocaine_meth_lifetime_users,Model 4 - add treatment and booked,CATAG3_f35-49,0.7124454925533376,0.5475731125177561,0.9269603789085034,-0.3390518714452604,0.1342919655629739,-2.524736830114143,0.01157849597708789,0.712,0.548,0.927,0.0116,TRUE
C_heroin_cocaine_meth_lifetime_users,Model 4 - add treatment and booked,CATAG3_f50+,0.42003856206187334,0.30132405399498446,0.5855237618100775,-0.8674087574863784,0.1694726266045268,-5.118282373179486,3.0833074193745027e-7,0.42,0.301,0.586,0,TRUE
C_heroin_cocaine_meth_lifetime_users,Model 4 - add treatment and booked,IRSEX_fFemale,0.6409550530130678,0.5337063225199883,0.7697555053183737,-0.4447959446244149,0.0934270251657255,-4.760891656727952,1.927395033572411e-6,0.641,0.534,0.77,0,TRUE
C_heroin_cocaine_meth_lifetime_users,Model 4 - add treatment and booked,MENTAL_HEALTH_INDEX,3.322517363495045,2.3539896856973375,4.68953695838131,1.200722737624729,0.1758252259334357,6.829069783645842,8.546699544555026e-12,3.323,2.354,4.69,0,TRUE
C_heroin_cocaine_meth_lifetime_users,Model 4 - add treatment and booked,SUTRTPY2_fReceived substance use treatment,1.0555473225200915,0.8454783969502608,1.3178103120059743,0.05405942152204978,0.11322253105823103,0.4774616943887846,0.6330333914966852,1.056,0.845,1.318,0.633,FALSE
C_heroin_cocaine_meth_lifetime_users,Model 4 - add treatment and booked,BOOKED_clean_fEver booked/arrested,0.9575626790206924,0.7914338074415531,1.1585634523465818,-0.043364098951604924,0.09721858920292199,-0.446047400061444,0.6555630069859211,0.958,0.791,1.159,0.6556,FALSE
